Среднее: 5 ,9,"Ищете не типично-белый холодильник, а что-нибудь поинтереснее? Тогда стоит присмотреться к бежевому красавцу с дверями под мрамор!",Двухкамерный холодильник LG GA-E409SERA,https://irecommend.ru//content/dvukhkamernyi-kholodilnik-lg-ga-e409sera
Среднее: 5 ,6,"Самый подробный отзыв с расчетом! плюс секреты выгодной покупки и правильного использования. Или почему я купила холодильник, от которого меня отговаривали",Холодильник side-by-side LG GC-B247JMUV,https://irecommend.ru//content/kholodilnik-side-side-lg-gc-b247jmuv
Среднее: 5 ,4,Холодильник-убийца,Двухкамерный холодильник LG GN-M492,https://irecommend.ru//content/dvukhkamernyi-kholodilnik-lg-gn-m492
Среднее: 5 ,4,"Стильный, модный, холодный",Двухкамерный холодильник LG GA-B409 SMQA,https://irecommend.ru//content/dvukhkamernyi-kholodilnik-lg-ga-b409-smqa
Среднее: 5 ,4,Современный холодильник без лишних прибамбасов ,Холодильник с нижней морозильной камерой LG GA-M429SERZ,https://irecommend.ru//content/kholodilnik-s-nizhnei-morozilnoi-kameroi-lg-ga-m429serz
Среднее: 5 ,4,Влюбилась с первого взгляда!!!,Холодильник с морозильником LG ga-b409seqa,https://irecommend.ru//content/kholodilnik-s-morozilnikom-lg-ga-b409seqa
Среднее: 5 ,3,"Стильный, но маловместительный. Много фотографий.",Двухкамерный холодильник LG GA-B399TGMR ,https://irecommend.ru//content/dvukhkamernyi-kholodilnik-lg-kholodilnik-lg-ga-b399tgmr
Среднее: 5 ,3,"Качественный, вместительный холодильник, но бесит одна вещь!",Двухкамерный холодильник LG GA-M409UCA,https://irecommend.ru//content/dvukhkamernyi-kholodilnik-lg-ga-m409uca
Среднее: 5 ,3,Замечательный,Двухкамерный холодильник LG GR-429 GVCA,https://irecommend.ru//content/lg-gr-429-gvca
Среднее: 5 ,2,качество,Двухкамерный холодильник LG GW-B 489 BLCW,https://irecommend.ru//content/dvukhkamernyi-kholodilnik-lg-gw-b-489-blcw
Среднее: 5 ,2,достойно,Двухкамерный холодильник LG GA-M589ZEQZ,https://irecommend.ru//content/dvukhkamernyi-kholodilnik-lg-ga-m589zeqz
Среднее: 5 ,2,довольна как слон))) + фото,Двухкамерный холодильник LG GA 379 Peka,https://irecommend.ru//content/dvukhkamernyi-kholodilnik-lg-lg-ga-379-peka
Среднее: 5 ,2,"Холодильник side-by-side LG GC-B247SEUV - мечта, а не холодильник! Забавная история о доставке , подробнейший обзор+ много фото ",Холодильник side-by-side LG GC-B247SEUV,https://irecommend.ru//content/kholodilnik-side-side-lg-gc-b247seuv
Среднее: 5 ,2,"Холодильник LG ноуфрост - отзывы спустя пол года, схема встаивания, размеры + фото",Двухкамерный холодильник LG  GR-N309 LLA (встраиваемый),https://irecommend.ru//content/dvukhkamernyi-kholodilnik-lg-gr-n309-lla-vstraivaemyi
Среднее: 5 ,2,"Холодильник LG - лучшее сочетание цена-качество, на мой взгляд",Двухкамерный холодильник LG GA E409SLRA,https://irecommend.ru//content/dvukhkamernyi-kholodilnik-lg-ga-e409slra
Среднее: 5 ,2,"Радость для кухни цвета ""титаниум"")",Двухкамерный холодильник LG GA B409 BTQA,https://irecommend.ru//content/dvukhkamernyi-kholodilnik-lg-ga-b409-btqa
Среднее: 5 ,2,Прошел испытание временем! Наш верный друг.,Двухкамерный холодильник LG GA-B409PEQA,https://irecommend.ru//content/dvukhkamernyi-kholodilnik-lg-ga-b409peqa
Среднее: 5 ,2,"Покупка, которая год назад изменила нашу жизнь)",Холодильник с нижней морозильной камерой LG GA-B409SQCL,https://irecommend.ru//content/kholodilnik-s-nizhnei-morozilnoi-kameroi-lg-ga-b409sqcl
Среднее: 5 ,2,"Отличный, вместительный ШКАФ :D Заглянем внутрь!",Холодильник side-by-side LG GC-B247JEUV,https://irecommend.ru//content/kholodilnik-side-side-lg-gc-b247jeuv
Среднее: 5 ,2,Отличный холодильник в красивом стильном дизайне (+ фото в интерьере),Двухкамерный холодильник LG GA-B489TGKR,https://irecommend.ru//content/dvukhkamernyi-kholodilnik-lg-ga-b489tgkr
Среднее: 5 ,2,Не пожалела о покупке ни разу! Отличный!,Двухкамерный холодильник LG GA-B489 YECA,https://irecommend.ru//content/dvukhkamernyi-kholodilnik-lg-ga-b489-yeca
Среднее: 5 ,2,"На свою, сегодняшнюю цену конечно не тянет но, холодильник хороший.",Двухкамерный холодильник LG B419 SQQL,https://irecommend.ru//content/dvukhkamernyi-kholodilnik-lg-b419-sqql
Среднее: 5 ,2,Мой новый холодильник. Обновляю отзыв через 2 года.,Двухкамерный холодильник LG GA-E409SMRA,https://irecommend.ru//content/dvukhkamernyi-kholodilnik-lg-ga-e409smra
Среднее: 5 ,2,Мечта хозяйки...небольшой недостаток!,Двухкамерный холодильник LG GA-B429 13LCA,https://irecommend.ru//content/dvukhkamernyi-kholodilnik-lg-ga-b429-13lca
Среднее: 5 ,2,"Красивый, вместительный холодильник. No Frost!!!",Холодильник с морозильником LG GA-B489 BMQZ,https://irecommend.ru//content/kholodilnik-s-morozilnikom-lg-ga-b489-bmqz
Среднее: 5 ,2,Двухкамерный холодильник- морозильник,Двухкамерный холодильник LG GA-449 UTPA,https://irecommend.ru//content/dvukhkamernyi-kholodilnik-lg-ga-449-utpa
Среднее: 5 ,2,Двухкамерный серебристый холодильник LG  - мой холодный красавец!!! Полный NO FROST! А что на счёт шума?,Двухкамерный холодильник LG GA-B409 SAQA,https://irecommend.ru//content/dvukhkamernyi-kholodilnik-lg-ga-b409-saqa
Среднее: 5 ,2,Вместительный и экономный,Холодильник с нижней морозильной камерой LG GA-B499YVCZ,https://irecommend.ru//content/kholodilnik-s-nizhnei-morozilnoi-kameroi-lg-ga-b499yvcz
Среднее: 5 ,2,Беспроблемный холодильник,Двухкамерный холодильник LG Express Cool GR 282 MF,https://irecommend.ru//content/dvukhkamernyi-kholodilnik-lg-express-cool-gr-282-mf
Среднее: 5 ,2,"^_^ О Боже, он прекрасен!!!>^_^< Вы когда-нибудь мечтали о холодильнике? А о таком красавце?",Холодильник side-by-side LG GC-J237JAXV ,https://irecommend.ru//content/kholodilnik-side-side-lg-gc-j237jaxv
Среднее: 5 ,1,Черный и большой. Я про двухкамерный зеркальный холодильник от LG.,Холодильник с нижней морозильной камерой LG GA-B489TGLB,https://irecommend.ru//content/kholodilnik-s-nizhnei-morozilnoi-kameroi-lg-ga-b489tglb
Среднее: 5 ,1,Хорош!,Холодильник side-by-side LG GC-B247SMUV,https://irecommend.ru//content/kholodilnik-side-side-lg-gc-b247smuv
Среднее: 5 ,1,Холодильник то что надо!,Холодильник- морозильник LG GC-M432HQHL,https://irecommend.ru//content/kholodilnik-morozilnik-lg-gc-m432hqhl
Среднее: 5 ,1,Холодильник LG GA-M419SQRL,Холодильник с нижней морозильной камерой LG GA-M419SQRL,https://irecommend.ru//content/kholodilnik-s-nizhnei-morozilnoi-kameroi-lg-ga-m419sqrl-0
Среднее: 5 ,1,"С холодильником LG GA B409ULQA наконец можно забыть о ""глыбах льда"" благодаря функции NO Frost, мало того он бесшумно работает и может отпустить вас в ""Отпуск"")) Плюс небольшое видео)",Холодильник с морозильником LG GA-B409ULQA,https://irecommend.ru//content/kholodilnik-s-morozilnikom-lg-ga-b409ulqa
Среднее: 5 ,1,Отличный холодильник за разумную цену,Холодильник с нижней морозильной камерой LG GW-B489SQFZ,https://irecommend.ru//content/kholodilnik-s-nizhnei-morozilnoi-kameroi-lg-gw-b489sqfz
Среднее: 5 ,1,Отличный холодильник для большой семьи,Холодильник с нижней морозильной камерой LG GA-B499YLUZ,https://irecommend.ru//content/kholodilnik-s-nizhnei-morozilnoi-kameroi-lg-ga-b499yluz
Среднее: 5 ,1,Отличный холодильник +фото+подробное описание достоинств!,Холодильник с морозильником LG GA-M419SERZ,https://irecommend.ru//content/kholodilnik-s-morozilnikom-lg-ga-m419serz
Среднее: 5 ,1,Отличный тихий холодильник,Холодильник с морозильником LG GA-B409SVCA,https://irecommend.ru//content/kholodilnik-s-morozilnikom-lg-ga-b409svca
Среднее: 5 ,1,Отличный выбор!,Холодильник с морозильником LG GR-299B,https://irecommend.ru//content/kholodilnik-s-morozilnikom-lg-gr-299b
Среднее: 5 ,1,Моя мечта стоит на кухне! ,Холодильник Door-in-Door LG GC-M237JENV,https://irecommend.ru//content/kholodilnik-door-door-lg-gc-m237jenv
Среднее: 5 ,1,"Вместительный, удобный, хорошо сохраняет свежесть продуктов и даже может управляться с телефона через приложение, но не имеет кнопочки ""вкл/выкл"".",Холодильник с нижней морозильной камерой LG CAB499YVUZ,https://irecommend.ru//content/kholodilnik-s-nizhnei-morozilnoi-kameroi-lg-cab499yvuz
Среднее: 5 ,1,"Больше плюсов,мне нравится.",Холодильник с нижней морозильной камерой LG GA-M539ZMQZ,https://irecommend.ru//content/kholodilnik-s-nizhnei-morozilnoi-kameroi-lg-ga-m539zmqz
Среднее: 4.9 ,7,"Вместительный, бесшумный и с основной своей функцией справляется отлично",Двухкамерный холодильник LG GA-479,https://irecommend.ru//content/lg-ga-479bvqa
Среднее: 4.8 ,12,"Отзыв о холодильнике LG GA-B409UEQA спустя 1,5 года использования. Все его характеристики, фото внешнее и внутренностей. Нужна ли система No Frost? Как выбрать холодильник. Разложу все по полочкам.",Двухкамерный холодильник LG GA-B409 UEQA с системой No Frost,https://irecommend.ru//content/dvukhkamernyi-kholodilnik-lg-ga-b409-ueqa-s-sistemoi-no-frost
Среднее: 4.8 ,4,отличный холодильник от LG,Холодильник side-by-side LG GW-B 207 QLQA,https://irecommend.ru//content/kholodilnik-side-side-lg-gw-b-207-qlqa
Среднее: 4.8 ,4,Лучший холодильник!!,Двухкамерный холодильник LG B409PQA,https://irecommend.ru//content/dvukhkamernyi-kholodilnik-lg-b409pqa
Среднее: 4.8 ,4,Двухкамерный тихоня LG GA-B489YMQZ,Двухкамерный холодильник LG GA-B489YMQZ,https://irecommend.ru//content/dvukhkamernyi-kholodilnik-lg-ga-b489ymqz
Среднее: 4.7 ,7,Наш любимый холодильник LG! Пережил 2 переезда и 1 пожар!,Двухкамерный холодильник LG GA-B409UCA,https://irecommend.ru//content/dvukhkamernyi-kholodilnik-lg-ga-b409uca
Среднее: 4.7 ,6,Мой любимчик + фото,Двухкамерный холодильник LG Electronics GA-B 409 BVQA,https://irecommend.ru//content/dvukhkamernyi-kholodilnik-lg-electronics-ga-b-409-bvqa
Среднее: 4.7 ,3,"Хороший холодильник, но нам попался...",Двухкамерный холодильник LG GA-E409SRA. ,https://irecommend.ru//content/dvukhkamernyi-kholodilnik-lg-ga-e409sra
Среднее: 4.7 ,3,Суперррррр,Двухкамерный холодильник LG  GA-B429SAQZ серебристый,https://irecommend.ru//content/dvukhkamernyi-kholodilnik-lg-ga-b429saqz-serebristyi
Среднее: 4.6 ,5,"Холодильник холодит,морозилка морозит и  вообще стоит красиво! Смотрите фотки)))",Двухкамерный холодильник LG GA-B379BLQA,https://irecommend.ru//content/dvukhkamernyi-kholodilnik-lg-ga-b379blqa
Среднее: 4.5 ,8,Эта ЗВЕРЮГА сведёт меня с ума!! (+фото ледяной глыбы))),Двухкамерный холодильник LG GA-B409UAQA,https://irecommend.ru//content/dvukhkamernyi-kholodilnik-lg-ga-b409uaqa
Среднее: 4.5 ,4,Холодильник LG GA-M409 SERA - отзыв спустя три года эксплуатации. Как выбрать правильный холодильник и не переплачивать лишнее.,Холодильник с морозильником LG  GA-M409 SERA,https://irecommend.ru//content/kholodilnik-s-morozilnikom-lg-ga-m409-sera
Среднее: 4.5 ,4,Мой домашний трактор.,Двухкамерный холодильник LG GA-E409ULQA,https://irecommend.ru//content/dvukhkamernyi-kholodilnik-lg-ga-e409ulqa
Среднее: 4.5 ,2,гудиииит!!!! (с фотками),Двухкамерный холодильник LG GA-B429 BLCA,https://irecommend.ru//content/dvukhkamernyi-kholodilnik-lg-ga-b429-blca
Среднее: 4.5 ,2,Холодильник с системой Ноу Фрост. Вместительный. Стильный. Бесшумный. Много фото,Двухкамерный холодильник LG GA-M419 SQRL,https://irecommend.ru//content/dvukhkamernyi-kholodilnik-lg-ga-m419-sqrl
Среднее: 4.5 ,2,"Холодильник на все случаи жизни. Для ленивых хозяек, которые не любят размораживать. ",Двухкамерный холодильник LG Express Cool GR-372SVF ,https://irecommend.ru//content/dvukhkamernyi-kholodilnik-lg-express-cool-gr-372svf
Среднее: 4.5 ,2,"То ли он есть, то ли его нет. Или история из жизни холодильника.",Холодильник с нижней морозильной камерой LG GA-M409SARL,https://irecommend.ru//content/kholodilnik-s-nizhnei-morozilnoi-kameroi-lg-kholodilnik-lg-ga-m409sarl
Среднее: 4.5 ,2,Стильный холодильник от отличного бренда,Холодильник с нижней морозильной камерой LG LG GA-M429SQRZ,https://irecommend.ru//content/kholodilnik-s-nizhnei-morozilnoi-kameroi-lg-lg-ga-m429sqrz
Среднее: 4.5 ,2,"Отличный холодильник, пашет 5 лет без сбоев.",Холодильник с морозильником LG GA-B409TGMR,https://irecommend.ru//content/kholodilnik-s-morozilnikom-lg-ga-b409tgmr
Среднее: 4.5 ,2,Обычный холодильник,Двухкамерный холодильник LG GA-E409UEQA,https://irecommend.ru//content/dvukhkamernyi-kholodilnik-lg-ga-e409ueqa
Среднее: 4.5 ,2,Мои белоснежный друг*) о том ли друге вы подумали?? ,Двухкамерный холодильник LG GA-B409SVСA (No Frost),https://irecommend.ru//content/dvukhkamernyi-kholodilnik-lg-ga-b409svsa-no-frost
Среднее: 4.5 ,2,Встраиваемый функциональный малютка (очень подробный отзыв),Двухкамерный холодильник LG GR-N319LLB,https://irecommend.ru//content/dvukhkamernyi-kholodilnik-lg-gr-n319llb
Среднее: 4.5 ,2,"Всегда мечтала о таком,получила(+фото внутри)",Двухкамерный холодильник LG  GA-B489,https://irecommend.ru//content/dvukhkamernyi-kholodilnik-lg-ga-b489bmkz
Среднее: 4.4 ,8,Серебристый КРАСАВЕЦ ростом 190 см занял достойное место на моей кухне!;),Двухкамерный холодильник LG GA-B 409 SVQA,https://irecommend.ru//content/dvukhkamernyi-kholodilnik-lg-ga-b-409-svqa
Среднее: 4.3 ,3,он прекрасен! но есть ньюансы),Двухкамерный холодильник LG GA-B 489 BVTP,https://irecommend.ru//content/dvukhkamernyi-kholodilnik-lg-ga-b-489-bvtp
Среднее: 4.3 ,3,Почти классический холодильник.,Двухкамерный холодильник LG GN-M492CLQA,https://irecommend.ru//content/dvukhkamernyi-kholodilnik-lg-gn-m492clqa
Среднее: 4.3 ,3,"Полный No Frost, к тому же красавец!",Холодильник с морозильником LG GA-M409SERA,https://irecommend.ru//content/kholodilnik-s-morozilnikom-lg-ga-m409sera
Среднее: 4.3 ,3,О недостатках и достоинствах. Покупать или нет - решать вам,Двухкамерный холодильник LG GA-E429SMRZ no frost,https://irecommend.ru//content/dvukhkamernyi-kholodilnik-lg-ga-e429smrz-no-frost
Среднее: 4.3 ,3,"Мой морозный друг и помощник на кухне уже больше двух лет. Удобный и красивый дизайн, огромная морозилка и технология no frost.",Двухкамерный холодильник LG GA-B409 SECA  ,https://irecommend.ru//content/dvukhkamernyi-kholodilnik-lg-ga-b409-seca
Среднее: 4.3 ,3,"Весьма средний холодильний в шикарной ""упаковке"".",Двухкамерный холодильник LG GA-B409 TGAT,https://irecommend.ru//content/dvukhkamernyi-kholodilnik-lg-ga-b409-tgat
Среднее: 4.2 ,6,"Модель LG GA-E409UQA имеет несколько минусов, но тем не менее мы смогли с ним подружиться. Хороший бюджетный холодильник. ",Холодильник с морозильником LG GA-E409UQA,https://irecommend.ru//content/kholodilnik-s-morozilnikom-lg-ga-e409uqa
Среднее: 3.8 ,4,"Холодильник-шкаф. Или холодильник как шкаф - сам большой, а вмещает ли он так много, как вы надеетесь? Заглянем вовнутрь. Подробное описание и функции. ",Холодильник side-by-side LG gc-b207gvqv,https://irecommend.ru//content/kholodilnik-side-side-lg-gc-b207gvqv
